{"cameraMode":{"drawMode":0,"name":"Shaded","section":"Shading Mode"},"sceneLighting":true,"audioPlay":false,"sceneViewState":{"showFog":true,"showMaterialUpdate":false,"showSkybox":true,"showFlares":true,"showImageEffects":true,"showParticleSystems":true},"in2DMode":false,"pivot":{"x":-1.2238563299179078,"y":-402.42510986328127,"z":870.626708984375},"rotation":{"x":0.2102239578962326,"y":0.011432747356593609,"z":-0.002450468484312296,"w":0.9775981903076172},"size":638.25830078125,"orthographic":false}